{
  "config": {
    "model": "SRCNN_SmCL",
    "years": [
      2001,
      2002,
      2003,
      2004,
      2005,
      2006,
      2007,
      2008,
      2009,
      2010
    ],
    "variable": "2m_temperature",
    "seed": 0,
    "epochs": 400,
    "lr": 0.0001,
    "batch_size": 32,
    "device": "cuda"
  },
  "baseline_error": {
    "mae": 0.005972467084198935,
    "rmse": 0.010434970685874229
  },
  "trained_error": {
    "mae": 0.0037517728511519753,
    "rmse": 0.007133152805136858
  },
  "error_reduction": {
    "mae": 37.18219291525511,
    "rmse": 31.641851042351533
  },
  "baseline_violation": {
    "mean_consistency_rmse": 0.0,
    "negatives_per_million": 0.0
  },
  "trained_violation": {
    "mean_consistency_rmse": 1.3808328188444152e-05,
    "negatives_per_million": 0.0
  },
  "violation_reduction": {
    "mean_consistency_rmse": null,
    "negatives_per_million": 0.0
  }
}